STRUCTURE,STRUCTURE_ID,STRUCTURE_NAME,freq,Time frequency,statinfo,Statistical information,lsu,Size classes of total livestock units (LSU),uaarea,Utilised agricultural area,animals,Live animals,unit,Unit of measure,geo,Geopolitical entity (reporting),TIME_PERIOD,Time,OBS_VALUE,Observation value,OBS_FLAG,Observation status (Flag) V2 structure,CONF_STATUS,Confidentiality status (flag)
dataflow,ESTAT:EF_LSK_POULTRY(1.0),Poultry by NUTS 2 region,A,Annual,TOTAL,Total,TOTAL,Total,TOTAL,Total,A5000,Live poultry,HD,Head (animal),AT,Austria,2005,,11936280,,,,,
dataflow,ESTAT:EF_LSK_POULTRY(1.0),Poultry by NUTS 2 region,A,Annual,TOTAL,Total,TOTAL,Total,TOTAL,Total,A5000,Live poultry,HD,Head (animal),AT,Austria,2007,,14206020,,,,,
dataflow,ESTAT:EF_LSK_POULTRY(1.0),Poultry by NUTS 2 region,A,Annual,TOTAL,Total,TOTAL,Total,TOTAL,Total,A5000,Live poultry,HD,Head (animal),AT,Austria,2010,,14622430,,,,,
dataflow,ESTAT:EF_LSK_POULTRY(1.0),Poultry by NUTS 2 region,A,Annual,TOTAL,Total,TOTAL,Total,TOTAL,Total,A5000,Live poultry,HD,Head (animal),AT,Austria,2013,,15742120,,,,,
dataflow,ESTAT:EF_LSK_POULTRY(1.0),Poultry by NUTS 2 region,A,Annual,TOTAL,Total,TOTAL,Total,TOTAL,Total,A5000,Live poultry,HD,Head (animal),AT,Austria,2016,,15069760,,,,,
dataflow,ESTAT:EF_LSK_POULTRY(1.0),Poultry by NUTS 2 region,A,Annual,TOTAL,Total,TOTAL,Total,TOTAL,Total,A5000,Live poultry,HD,Head (animal),AT,Austria,2020,,17603950,,,,,
dataflow,ESTAT:EF_LSK_POULTRY(1.0),Poultry by NUTS 2 region,A,Annual,TOTAL,Total,TOTAL,Total,TOTAL,Total,A5000,Live poultry,HD,Head (animal),AT,Austria,2023,,18767510,,,,,
dataflow,ESTAT:EF_LSK_POULTRY(1.0),Poultry by NUTS 2 region,A,Annual,TOTAL,Total,TOTAL,Total,TOTAL,Total,A5000,Live poultry,HD,Head (animal),BE,Belgium,2005,,35569320,,,,,
dataflow,ESTAT:EF_LSK_POULTRY(1.0),Poultry by NUTS 2 region,A,Annual,TOTAL,Total,TOTAL,Total,TOTAL,Total,A5000,Live poultry,HD,Head (animal),BE,Belgium,2007,,32750110,,,,,
dataflow,ESTAT:EF_LSK_POULTRY(1.0),Poultry by NUTS 2 region,A,Annual,TOTAL,Total,TOTAL,Total,TOTAL,Total,A5000,Live poultry,HD,Head (animal),BE,Belgium,2010,,34374540,,,,,
dataflow,ESTAT:EF_LSK_POULTRY(1.0),Poultry by NUTS 2 region,A,Annual,TOTAL,Total,TOTAL,Total,TOTAL,Total,A5000,Live poultry,HD,Head (animal),BE,Belgium,2013,,35109220,,,,,
dataflow,ESTAT:EF_LSK_POULTRY(1.0),Poultry by NUTS 2 region,A,Annual,TOTAL,Total,TOTAL,Total,TOTAL,Total,A5000,Live poultry,HD,Head (animal),BE,Belgium,2016,,39372950,,,,,
dataflow,ESTAT:EF_LSK_POULTRY(1.0),Poultry by NUTS 2 region,A,Annual,TOTAL,Total,TOTAL,Total,TOTAL,Total,A5000,Live poultry,HD,Head (animal),BE,Belgium,2020,,53851580,,,,,
dataflow,ESTAT:EF_LSK_POULTRY(1.0),Poultry by NUTS 2 region,A,Annual,TOTAL,Total,TOTAL,Total,TOTAL,Total,A5000,Live poultry,HD,Head (animal),BG,Bulgaria,2005,,19669510,,,,,
dataflow,ESTAT:EF_LSK_POULTRY(1.0),Poultry by NUTS 2 region,A,Annual,TOTAL,Total,TOTAL,Total,TOTAL,Total,A5000,Live poultry,HD,Head (animal),BG,Bulgaria,2007,,17439480,,,,,
dataflow,ESTAT:EF_LSK_POULTRY(1.0),Poultry by NUTS 2 region,A,Annual,TOTAL,Total,TOTAL,Total,TOTAL,Total,A5000,Live poultry,HD,Head (animal),BG,Bulgaria,2010,,17491190,,,,,
dataflow,ESTAT:EF_LSK_POULTRY(1.0),Poultry by NUTS 2 region,A,Annual,TOTAL,Total,TOTAL,Total,TOTAL,Total,A5000,Live poultry,HD,Head (animal),BG,Bulgaria,2013,,14288500,,,,,
dataflow,ESTAT:EF_LSK_POULTRY(1.0),Poultry by NUTS 2 region,A,Annual,TOTAL,Total,TOTAL,Total,TOTAL,Total,A5000,Live poultry,HD,Head (animal),BG,Bulgaria,2016,,16612890,,,,,
dataflow,ESTAT:EF_LSK_POULTRY(1.0),Poultry by NUTS 2 region,A,Annual,TOTAL,Total,TOTAL,Total,TOTAL,Total,A5000,Live poultry,HD,Head (animal),BG,Bulgaria,2020,,19317360,,,,,
dataflow,ESTAT:EF_LSK_POULTRY(1.0),Poultry by NUTS 2 region,A,Annual,TOTAL,Total,TOTAL,Total,TOTAL,Total,A5000,Live poultry,HD,Head (animal),CH,Switzerland,2005,,8260380,,,,,
dataflow,ESTAT:EF_LSK_POULTRY(1.0),Poultry by NUTS 2 region,A,Annual,TOTAL,Total,TOTAL,Total,TOTAL,Total,A5000,Live poultry,HD,Head (animal),CH,Switzerland,2007,,8228460,,,,,
dataflow,ESTAT:EF_LSK_POULTRY(1.0),Poultry by NUTS 2 region,A,Annual,TOTAL,Total,TOTAL,Total,TOTAL,Total,A5000,Live poultry,HD,Head (animal),CH,Switzerland,2010,,9030670,,,,,
dataflow,ESTAT:EF_LSK_POULTRY(1.0),Poultry by NUTS 2 region,A,Annual,TOTAL,Total,TOTAL,Total,TOTAL,Total,A5000,Live poultry,HD,Head (animal),CH,Switzerland,2016,,10048250,,,,,
dataflow,ESTAT:EF_LSK_POULTRY(1.0),Poultry by NUTS 2 region,A,Annual,TOTAL,Total,TOTAL,Total,TOTAL,Total,A5000,Live poultry,HD,Head (animal),CY,Cyprus,2005,,4343740,,,,,
dataflow,ESTAT:EF_LSK_POULTRY(1.0),Poultry by NUTS 2 region,A,Annual,TOTAL,Total,TOTAL,Total,TOTAL,Total,A5000,Live poultry,HD,Head (animal),CY,Cyprus,2007,,3842190,,,,,
dataflow,ESTAT:EF_LSK_POULTRY(1.0),Poultry by NUTS 2 region,A,Annual,TOTAL,Total,TOTAL,Total,TOTAL,Total,A5000,Live poultry,HD,Head (animal),CY,Cyprus,2010,,3218270,,,,,
dataflow,ESTAT:EF_LSK_POULTRY(1.0),Poultry by NUTS 2 region,A,Annual,TOTAL,Total,TOTAL,Total,TOTAL,Total,A5000,Live poultry,HD,Head (animal),CY,Cyprus,2013,,1851650,,,,,
dataflow,ESTAT:EF_LSK_POULTRY(1.0),Poultry by NUTS 2 region,A,Annual,TOTAL,Total,TOTAL,Total,TOTAL,Total,A5000,Live poultry,HD,Head (animal),CY,Cyprus,2016,,2603510,,,,,
dataflow,ESTAT:EF_LSK_POULTRY(1.0),Poultry by NUTS 2 region,A,Annual,TOTAL,Total,TOTAL,Total,TOTAL,Total,A5000,Live poultry,HD,Head (animal),CY,Cyprus,2020,,4730040,,,,,
dataflow,ESTAT:EF_LSK_POULTRY(1.0),Poultry by NUTS 2 region,A,Annual,TOTAL,Total,TOTAL,Total,TOTAL,Total,A5000,Live poultry,HD,Head (animal),CY,Cyprus,2023,,4725770,,,,,
dataflow,ESTAT:EF_LSK_POULTRY(1.0),Poultry by NUTS 2 region,A,Annual,TOTAL,Total,TOTAL,Total,TOTAL,Total,A5000,Live poultry,HD,Head (animal),CZ,Czechia,2005,,26573740,,,,,
dataflow,ESTAT:EF_LSK_POULTRY(1.0),Poultry by NUTS 2 region,A,Annual,TOTAL,Total,TOTAL,Total,TOTAL,Total,A5000,Live poultry,HD,Head (animal),CZ,Czechia,2007,,29303200,,,,,
dataflow,ESTAT:EF_LSK_POULTRY(1.0),Poultry by NUTS 2 region,A,Annual,TOTAL,Total,TOTAL,Total,TOTAL,Total,A5000,Live poultry,HD,Head (animal),CZ,Czechia,2010,,25322880,,,,,
dataflow,ESTAT:EF_LSK_POULTRY(1.0),Poultry by NUTS 2 region,A,Annual,TOTAL,Total,TOTAL,Total,TOTAL,Total,A5000,Live poultry,HD,Head (animal),CZ,Czechia,2013,,22357760,,,,,
dataflow,ESTAT:EF_LSK_POULTRY(1.0),Poultry by NUTS 2 region,A,Annual,TOTAL,Total,TOTAL,Total,TOTAL,Total,A5000,Live poultry,HD,Head (animal),CZ,Czechia,2016,,21077360,,,,,
dataflow,ESTAT:EF_LSK_POULTRY(1.0),Poultry by NUTS 2 region,A,Annual,TOTAL,Total,TOTAL,Total,TOTAL,Total,A5000,Live poultry,HD,Head (animal),CZ,Czechia,2020,,22486510,,,,,
dataflow,ESTAT:EF_LSK_POULTRY(1.0),Poultry by NUTS 2 region,A,Annual,TOTAL,Total,TOTAL,Total,TOTAL,Total,A5000,Live poultry,HD,Head (animal),CZ,Czechia,2023,,23924180,,,,,
dataflow,ESTAT:EF_LSK_POULTRY(1.0),Poultry by NUTS 2 region,A,Annual,TOTAL,Total,TOTAL,Total,TOTAL,Total,A5000,Live poultry,HD,Head (animal),DE,Germany,2005,,120560220,,,,,
dataflow,ESTAT:EF_LSK_POULTRY(1.0),Poultry by NUTS 2 region,A,Annual,TOTAL,Total,TOTAL,Total,TOTAL,Total,A5000,Live poultry,HD,Head (animal),DE,Germany,2007,,125772870,,,,,
dataflow,ESTAT:EF_LSK_POULTRY(1.0),Poultry by NUTS 2 region,A,Annual,TOTAL,Total,TOTAL,Total,TOTAL,Total,A5000,Live poultry,HD,Head (animal),DE,Germany,2010,,128899750,,,,,
dataflow,ESTAT:EF_LSK_POULTRY(1.0),Poultry by NUTS 2 region,A,Annual,TOTAL,Total,TOTAL,Total,TOTAL,Total,A5000,Live poultry,HD,Head (animal),DE,Germany,2013,,177333070,,,,,
dataflow,ESTAT:EF_LSK_POULTRY(1.0),Poultry by NUTS 2 region,A,Annual,TOTAL,Total,TOTAL,Total,TOTAL,Total,A5000,Live poultry,HD,Head (animal),DE,Germany,2016,,156775210,,,,,
dataflow,ESTAT:EF_LSK_POULTRY(1.0),Poultry by NUTS 2 region,A,Annual,TOTAL,Total,TOTAL,Total,TOTAL,Total,A5000,Live poultry,HD,Head (animal),DE,Germany,2020,,173148170,,,,,
dataflow,ESTAT:EF_LSK_POULTRY(1.0),Poultry by NUTS 2 region,A,Annual,TOTAL,Total,TOTAL,Total,TOTAL,Total,A5000,Live poultry,HD,Head (animal),DE,Germany,2023,,167307920,,,,,
dataflow,ESTAT:EF_LSK_POULTRY(1.0),Poultry by NUTS 2 region,A,Annual,TOTAL,Total,TOTAL,Total,TOTAL,Total,A5000,Live poultry,HD,Head (animal),DK,Denmark,2005,,17584150,,,,,
dataflow,ESTAT:EF_LSK_POULTRY(1.0),Poultry by NUTS 2 region,A,Annual,TOTAL,Total,TOTAL,Total,TOTAL,Total,A5000,Live poultry,HD,Head (animal),DK,Denmark,2007,,16692490,,,,,
dataflow,ESTAT:EF_LSK_POULTRY(1.0),Poultry by NUTS 2 region,A,Annual,TOTAL,Total,TOTAL,Total,TOTAL,Total,A5000,Live poultry,HD,Head (animal),DK,Denmark,2010,,18731330,,,,,
dataflow,ESTAT:EF_LSK_POULTRY(1.0),Poultry by NUTS 2 region,A,Annual,TOTAL,Total,TOTAL,Total,TOTAL,Total,A5000,Live poultry,HD,Head (animal),DK,Denmark,2013,,19431510,,,,,
dataflow,ESTAT:EF_LSK_POULTRY(1.0),Poultry by NUTS 2 region,A,Annual,TOTAL,Total,TOTAL,Total,TOTAL,Total,A5000,Live poultry,HD,Head (animal),DK,Denmark,2016,,18503100,,,,,
dataflow,ESTAT:EF_LSK_POULTRY(1.0),Poultry by NUTS 2 region,A,Annual,TOTAL,Total,TOTAL,Total,TOTAL,Total,A5000,Live poultry,HD,Head (animal),DK,Denmark,2020,,22051080,,,,,
dataflow,ESTAT:EF_LSK_POULTRY(1.0),Poultry by NUTS 2 region,A,Annual,TOTAL,Total,TOTAL,Total,TOTAL,Total,A5000,Live poultry,HD,Head (animal),EE,Estonia,2005,,2131980,,,,,
dataflow,ESTAT:EF_LSK_POULTRY(1.0),Poultry by NUTS 2 region,A,Annual,TOTAL,Total,TOTAL,Total,TOTAL,Total,A5000,Live poultry,HD,Head (animal),EE,Estonia,2007,,1718820,,,,,
dataflow,ESTAT:EF_LSK_POULTRY(1.0),Poultry by NUTS 2 region,A,Annual,TOTAL,Total,TOTAL,Total,TOTAL,Total,A5000,Live poultry,HD,Head (animal),EE,Estonia,2010,,1940820,,,,,
dataflow,ESTAT:EF_LSK_POULTRY(1.0),Poultry by NUTS 2 region,A,Annual,TOTAL,Total,TOTAL,Total,TOTAL,Total,A5000,Live poultry,HD,Head (animal),EE,Estonia,2013,,,,,,C,confidential
dataflow,ESTAT:EF_LSK_POULTRY(1.0),Poultry by NUTS 2 region,A,Annual,TOTAL,Total,TOTAL,Total,TOTAL,Total,A5000,Live poultry,HD,Head (animal),EE,Estonia,2016,,1903300,,,,,
dataflow,ESTAT:EF_LSK_POULTRY(1.0),Poultry by NUTS 2 region,A,Annual,TOTAL,Total,TOTAL,Total,TOTAL,Total,A5000,Live poultry,HD,Head (animal),EE,Estonia,2020,,2097260,,,,,
dataflow,ESTAT:EF_LSK_POULTRY(1.0),Poultry by NUTS 2 region,A,Annual,TOTAL,Total,TOTAL,Total,TOTAL,Total,A5000,Live poultry,HD,Head (animal),EE,Estonia,2023,,1920160,,,,,
dataflow,ESTAT:EF_LSK_POULTRY(1.0),Poultry by NUTS 2 region,A,Annual,TOTAL,Total,TOTAL,Total,TOTAL,Total,A5000,Live poultry,HD,Head (animal),EL,Greece,2005,,32381800,,,,,
dataflow,ESTAT:EF_LSK_POULTRY(1.0),Poultry by NUTS 2 region,A,Annual,TOTAL,Total,TOTAL,Total,TOTAL,Total,A5000,Live poultry,HD,Head (animal),EL,Greece,2007,,33495060,,,,,
dataflow,ESTAT:EF_LSK_POULTRY(1.0),Poultry by NUTS 2 region,A,Annual,TOTAL,Total,TOTAL,Total,TOTAL,Total,A5000,Live poultry,HD,Head (animal),EL,Greece,2010,,36767570,,,,,
dataflow,ESTAT:EF_LSK_POULTRY(1.0),Poultry by NUTS 2 region,A,Annual,TOTAL,Total,TOTAL,Total,TOTAL,Total,A5000,Live poultry,HD,Head (animal),EL,Greece,2013,,27882450,,,,,
dataflow,ESTAT:EF_LSK_POULTRY(1.0),Poultry by NUTS 2 region,A,Annual,TOTAL,Total,TOTAL,Total,TOTAL,Total,A5000,Live poultry,HD,Head (animal),EL,Greece,2016,,30385550,,,,,
dataflow,ESTAT:EF_LSK_POULTRY(1.0),Poultry by NUTS 2 region,A,Annual,TOTAL,Total,TOTAL,Total,TOTAL,Total,A5000,Live poultry,HD,Head (animal),EL,Greece,2020,,27412120,,,,,
dataflow,ESTAT:EF_LSK_POULTRY(1.0),Poultry by NUTS 2 region,A,Annual,TOTAL,Total,TOTAL,Total,TOTAL,Total,A5000,Live poultry,HD,Head (animal),EL,Greece,2023,,29987370,,,,,
dataflow,ESTAT:EF_LSK_POULTRY(1.0),Poultry by NUTS 2 region,A,Annual,TOTAL,Total,TOTAL,Total,TOTAL,Total,A5000,Live poultry,HD,Head (animal),ES,Spain,2005,,174345070,,,,,
dataflow,ESTAT:EF_LSK_POULTRY(1.0),Poultry by NUTS 2 region,A,Annual,TOTAL,Total,TOTAL,Total,TOTAL,Total,A5000,Live poultry,HD,Head (animal),ES,Spain,2007,,164446480,,,,,
dataflow,ESTAT:EF_LSK_POULTRY(1.0),Poultry by NUTS 2 region,A,Annual,TOTAL,Total,TOTAL,Total,TOTAL,Total,A5000,Live poultry,HD,Head (animal),ES,Spain,2010,,200903730,,,,,
dataflow,ESTAT:EF_LSK_POULTRY(1.0),Poultry by NUTS 2 region,A,Annual,TOTAL,Total,TOTAL,Total,TOTAL,Total,A5000,Live poultry,HD,Head (animal),ES,Spain,2013,,205823080,,,,,
dataflow,ESTAT:EF_LSK_POULTRY(1.0),Poultry by NUTS 2 region,A,Annual,TOTAL,Total,TOTAL,Total,TOTAL,Total,A5000,Live poultry,HD,Head (animal),ES,Spain,2016,,203105800,,,,,
dataflow,ESTAT:EF_LSK_POULTRY(1.0),Poultry by NUTS 2 region,A,Annual,TOTAL,Total,TOTAL,Total,TOTAL,Total,A5000,Live poultry,HD,Head (animal),ES,Spain,2020,,211576390,,,,,
dataflow,ESTAT:EF_LSK_POULTRY(1.0),Poultry by NUTS 2 region,A,Annual,TOTAL,Total,TOTAL,Total,TOTAL,Total,A5000,Live poultry,HD,Head (animal),EU,"European Union (EU6-1958, EU9-1973, EU10-1981, EU12-1986, EU15-1995, EU25-2004, EU27-2007, EU28-2013, EU27-2020)",2005,,1416835440,,,,,
dataflow,ESTAT:EF_LSK_POULTRY(1.0),Poultry by NUTS 2 region,A,Annual,TOTAL,Total,TOTAL,Total,TOTAL,Total,A5000,Live poultry,HD,Head (animal),EU,"European Union (EU6-1958, EU9-1973, EU10-1981, EU12-1986, EU15-1995, EU25-2004, EU27-2007, EU28-2013, EU27-2020)",2007,,1504902770,,,,,
dataflow,ESTAT:EF_LSK_POULTRY(1.0),Poultry by NUTS 2 region,A,Annual,TOTAL,Total,TOTAL,Total,TOTAL,Total,A5000,Live poultry,HD,Head (animal),EU,"European Union (EU6-1958, EU9-1973, EU10-1981, EU12-1986, EU15-1995, EU25-2004, EU27-2007, EU28-2013, EU27-2020)",2010,,1616550190,,,,,
dataflow,ESTAT:EF_LSK_POULTRY(1.0),Poultry by NUTS 2 region,A,Annual,TOTAL,Total,TOTAL,Total,TOTAL,Total,A5000,Live poultry,HD,Head (animal),EU,"European Union (EU6-1958, EU9-1973, EU10-1981, EU12-1986, EU15-1995, EU25-2004, EU27-2007, EU28-2013, EU27-2020)",2013,,1618090960,,,,,
dataflow,ESTAT:EF_LSK_POULTRY(1.0),Poultry by NUTS 2 region,A,Annual,TOTAL,Total,TOTAL,Total,TOTAL,Total,A5000,Live poultry,HD,Head (animal),EU,"European Union (EU6-1958, EU9-1973, EU10-1981, EU12-1986, EU15-1995, EU25-2004, EU27-2007, EU28-2013, EU27-2020)",2016,,1692293730,,,,,
dataflow,ESTAT:EF_LSK_POULTRY(1.0),Poultry by NUTS 2 region,A,Annual,TOTAL,Total,TOTAL,Total,TOTAL,Total,A5000,Live poultry,HD,Head (animal),EU,"European Union (EU6-1958, EU9-1973, EU10-1981, EU12-1986, EU15-1995, EU25-2004, EU27-2007, EU28-2013, EU27-2020)",2020,,1629665380,,,,,
dataflow,ESTAT:EF_LSK_POULTRY(1.0),Poultry by NUTS 2 region,A,Annual,TOTAL,Total,TOTAL,Total,TOTAL,Total,A5000,Live poultry,HD,Head (animal),EU27_2020,European Union - 27 countries (from 2020),2007,,1345917920,,,,,
dataflow,ESTAT:EF_LSK_POULTRY(1.0),Poultry by NUTS 2 region,A,Annual,TOTAL,Total,TOTAL,Total,TOTAL,Total,A5000,Live poultry,HD,Head (animal),EU27_2020,European Union - 27 countries (from 2020),2010,,1467471830,,,,,
dataflow,ESTAT:EF_LSK_POULTRY(1.0),Poultry by NUTS 2 region,A,Annual,TOTAL,Total,TOTAL,Total,TOTAL,Total,A5000,Live poultry,HD,Head (animal),EU27_2020,European Union - 27 countries (from 2020),2013,,1462584190,,,,,
dataflow,ESTAT:EF_LSK_POULTRY(1.0),Poultry by NUTS 2 region,A,Annual,TOTAL,Total,TOTAL,Total,TOTAL,Total,A5000,Live poultry,HD,Head (animal),EU27_2020,European Union - 27 countries (from 2020),2016,,1527914680,,,,,
dataflow,ESTAT:EF_LSK_POULTRY(1.0),Poultry by NUTS 2 region,A,Annual,TOTAL,Total,TOTAL,Total,TOTAL,Total,A5000,Live poultry,HD,Head (animal),EU27_2020,European Union - 27 countries (from 2020),2020,,1629665380,,,,,
dataflow,ESTAT:EF_LSK_POULTRY(1.0),Poultry by NUTS 2 region,A,Annual,TOTAL,Total,TOTAL,Total,TOTAL,Total,A5000,Live poultry,HD,Head (animal),FI,Finland,2005,,10536950,,,,,
dataflow,ESTAT:EF_LSK_POULTRY(1.0),Poultry by NUTS 2 region,A,Annual,TOTAL,Total,TOTAL,Total,TOTAL,Total,A5000,Live poultry,HD,Head (animal),FI,Finland,2007,,9791070,,,,,
dataflow,ESTAT:EF_LSK_POULTRY(1.0),Poultry by NUTS 2 region,A,Annual,TOTAL,Total,TOTAL,Total,TOTAL,Total,A5000,Live poultry,HD,Head (animal),FI,Finland,2010,,9307140,,,,,
dataflow,ESTAT:EF_LSK_POULTRY(1.0),Poultry by NUTS 2 region,A,Annual,TOTAL,Total,TOTAL,Total,TOTAL,Total,A5000,Live poultry,HD,Head (animal),FI,Finland,2013,,11980560,,,,,
dataflow,ESTAT:EF_LSK_POULTRY(1.0),Poultry by NUTS 2 region,A,Annual,TOTAL,Total,TOTAL,Total,TOTAL,Total,A5000,Live poultry,HD,Head (animal),FI,Finland,2016,,15388980,,,,,
dataflow,ESTAT:EF_LSK_POULTRY(1.0),Poultry by NUTS 2 region,A,Annual,TOTAL,Total,TOTAL,Total,TOTAL,Total,A5000,Live poultry,HD,Head (animal),FI,Finland,2020,,13316010,,,,,
dataflow,ESTAT:EF_LSK_POULTRY(1.0),Poultry by NUTS 2 region,A,Annual,TOTAL,Total,TOTAL,Total,TOTAL,Total,A5000,Live poultry,HD,Head (animal),FR,France,2005,,283326640,,,,,
dataflow,ESTAT:EF_LSK_POULTRY(1.0),Poultry by NUTS 2 region,A,Annual,TOTAL,Total,TOTAL,Total,TOTAL,Total,A5000,Live poultry,HD,Head (animal),FR,France,2007,,275782950,,,,,
dataflow,ESTAT:EF_LSK_POULTRY(1.0),Poultry by NUTS 2 region,A,Annual,TOTAL,Total,TOTAL,Total,TOTAL,Total,A5000,Live poultry,HD,Head (animal),FR,France,2010,,296133570,,,,,
dataflow,ESTAT:EF_LSK_POULTRY(1.0),Poultry by NUTS 2 region,A,Annual,TOTAL,Total,TOTAL,Total,TOTAL,Total,A5000,Live poultry,HD,Head (animal),FR,France,2013,,297077260,,,,,
dataflow,ESTAT:EF_LSK_POULTRY(1.0),Poultry by NUTS 2 region,A,Annual,TOTAL,Total,TOTAL,Total,TOTAL,Total,A5000,Live poultry,HD,Head (animal),FR,France,2016,,308139990,,,,,
dataflow,ESTAT:EF_LSK_POULTRY(1.0),Poultry by NUTS 2 region,A,Annual,TOTAL,Total,TOTAL,Total,TOTAL,Total,A5000,Live poultry,HD,Head (animal),FR,France,2020,,298340610,,,,,
dataflow,ESTAT:EF_LSK_POULTRY(1.0),Poultry by NUTS 2 region,A,Annual,TOTAL,Total,TOTAL,Total,TOTAL,Total,A5000,Live poultry,HD,Head (animal),FR,France,2023,,285409510,,,,,
dataflow,ESTAT:EF_LSK_POULTRY(1.0),Poultry by NUTS 2 region,A,Annual,TOTAL,Total,TOTAL,Total,TOTAL,Total,A5000,Live poultry,HD,Head (animal),HR,Croatia,2007,,8255290,,,,,
dataflow,ESTAT:EF_LSK_POULTRY(1.0),Poultry by NUTS 2 region,A,Annual,TOTAL,Total,TOTAL,Total,TOTAL,Total,A5000,Live poultry,HD,Head (animal),HR,Croatia,2010,,13474130,,,,,
dataflow,ESTAT:EF_LSK_POULTRY(1.0),Poultry by NUTS 2 region,A,Annual,TOTAL,Total,TOTAL,Total,TOTAL,Total,A5000,Live poultry,HD,Head (animal),HR,Croatia,2013,,13630040,,,,,
dataflow,ESTAT:EF_LSK_POULTRY(1.0),Poultry by NUTS 2 region,A,Annual,TOTAL,Total,TOTAL,Total,TOTAL,Total,A5000,Live poultry,HD,Head (animal),HR,Croatia,2016,,10388550,,,,,
dataflow,ESTAT:EF_LSK_POULTRY(1.0),Poultry by NUTS 2 region,A,Annual,TOTAL,Total,TOTAL,Total,TOTAL,Total,A5000,Live poultry,HD,Head (animal),HR,Croatia,2020,,12048980,,,,,
dataflow,ESTAT:EF_LSK_POULTRY(1.0),Poultry by NUTS 2 region,A,Annual,TOTAL,Total,TOTAL,Total,TOTAL,Total,A5000,Live poultry,HD,Head (animal),HR,Croatia,2023,,10539950,,,,,
dataflow,ESTAT:EF_LSK_POULTRY(1.0),Poultry by NUTS 2 region,A,Annual,TOTAL,Total,TOTAL,Total,TOTAL,Total,A5000,Live poultry,HD,Head (animal),HU,Hungary,2005,,41595990,,,,,
dataflow,ESTAT:EF_LSK_POULTRY(1.0),Poultry by NUTS 2 region,A,Annual,TOTAL,Total,TOTAL,Total,TOTAL,Total,A5000,Live poultry,HD,Head (animal),HU,Hungary,2007,,38709100,,,,,
dataflow,ESTAT:EF_LSK_POULTRY(1.0),Poultry by NUTS 2 region,A,Annual,TOTAL,Total,TOTAL,Total,TOTAL,Total,A5000,Live poultry,HD,Head (animal),HU,Hungary,2010,,48697900,,,,,
dataflow,ESTAT:EF_LSK_POULTRY(1.0),Poultry by NUTS 2 region,A,Annual,TOTAL,Total,TOTAL,Total,TOTAL,Total,A5000,Live poultry,HD,Head (animal),HU,Hungary,2013,,41099950,,,,,
dataflow,ESTAT:EF_LSK_POULTRY(1.0),Poultry by NUTS 2 region,A,Annual,TOTAL,Total,TOTAL,Total,TOTAL,Total,A5000,Live poultry,HD,Head (animal),HU,Hungary,2016,,46691980,,,,,
dataflow,ESTAT:EF_LSK_POULTRY(1.0),Poultry by NUTS 2 region,A,Annual,TOTAL,Total,TOTAL,Total,TOTAL,Total,A5000,Live poultry,HD,Head (animal),HU,Hungary,2020,,38242000,,,,,
dataflow,ESTAT:EF_LSK_POULTRY(1.0),Poultry by NUTS 2 region,A,Annual,TOTAL,Total,TOTAL,Total,TOTAL,Total,A5000,Live poultry,HD,Head (animal),HU,Hungary,2023,,38839950,,,,,
dataflow,ESTAT:EF_LSK_POULTRY(1.0),Poultry by NUTS 2 region,A,Annual,TOTAL,Total,TOTAL,Total,TOTAL,Total,A5000,Live poultry,HD,Head (animal),IE,Ireland,2005,,12291730,,,,,
dataflow,ESTAT:EF_LSK_POULTRY(1.0),Poultry by NUTS 2 region,A,Annual,TOTAL,Total,TOTAL,Total,TOTAL,Total,A5000,Live poultry,HD,Head (animal),IE,Ireland,2007,,11883330,,,,,
dataflow,ESTAT:EF_LSK_POULTRY(1.0),Poultry by NUTS 2 region,A,Annual,TOTAL,Total,TOTAL,Total,TOTAL,Total,A5000,Live poultry,HD,Head (animal),IE,Ireland,2010,,10924810,,,,,
dataflow,ESTAT:EF_LSK_POULTRY(1.0),Poultry by NUTS 2 region,A,Annual,TOTAL,Total,TOTAL,Total,TOTAL,Total,A5000,Live poultry,HD,Head (animal),IE,Ireland,2013,,10133160,,,,,
dataflow,ESTAT:EF_LSK_POULTRY(1.0),Poultry by NUTS 2 region,A,Annual,TOTAL,Total,TOTAL,Total,TOTAL,Total,A5000,Live poultry,HD,Head (animal),IE,Ireland,2016,,11053010,,,,,
dataflow,ESTAT:EF_LSK_POULTRY(1.0),Poultry by NUTS 2 region,A,Annual,TOTAL,Total,TOTAL,Total,TOTAL,Total,A5000,Live poultry,HD,Head (animal),IE,Ireland,2020,,16504840,,,,,
dataflow,ESTAT:EF_LSK_POULTRY(1.0),Poultry by NUTS 2 region,A,Annual,TOTAL,Total,TOTAL,Total,TOTAL,Total,A5000,Live poultry,HD,Head (animal),IS,Iceland,2010,,542540,,,,,
dataflow,ESTAT:EF_LSK_POULTRY(1.0),Poultry by NUTS 2 region,A,Annual,TOTAL,Total,TOTAL,Total,TOTAL,Total,A5000,Live poultry,HD,Head (animal),IS,Iceland,2020,,770270,,,,,
dataflow,ESTAT:EF_LSK_POULTRY(1.0),Poultry by NUTS 2 region,A,Annual,TOTAL,Total,TOTAL,Total,TOTAL,Total,A5000,Live poultry,HD,Head (animal),IT,Italy,2005,,149092690,,,,,
dataflow,ESTAT:EF_LSK_POULTRY(1.0),Poultry by NUTS 2 region,A,Annual,TOTAL,Total,TOTAL,Total,TOTAL,Total,A5000,Live poultry,HD,Head (animal),IT,Italy,2007,,157240180,,,,,
dataflow,ESTAT:EF_LSK_POULTRY(1.0),Poultry by NUTS 2 region,A,Annual,TOTAL,Total,TOTAL,Total,TOTAL,Total,A5000,Live poultry,HD,Head (animal),IT,Italy,2010,,167512020,,,,,
dataflow,ESTAT:EF_LSK_POULTRY(1.0),Poultry by NUTS 2 region,A,Annual,TOTAL,Total,TOTAL,Total,TOTAL,Total,A5000,Live poultry,HD,Head (animal),IT,Italy,2013,,164900370,,,,,
dataflow,ESTAT:EF_LSK_POULTRY(1.0),Poultry by NUTS 2 region,A,Annual,TOTAL,Total,TOTAL,Total,TOTAL,Total,A5000,Live poultry,HD,Head (animal),IT,Italy,2016,,158032760,,,,,
dataflow,ESTAT:EF_LSK_POULTRY(1.0),Poultry by NUTS 2 region,A,Annual,TOTAL,Total,TOTAL,Total,TOTAL,Total,A5000,Live poultry,HD,Head (animal),IT,Italy,2020,,173382820,,,,,
dataflow,ESTAT:EF_LSK_POULTRY(1.0),Poultry by NUTS 2 region,A,Annual,TOTAL,Total,TOTAL,Total,TOTAL,Total,A5000,Live poultry,HD,Head (animal),LT,Lithuania,2005,,9805730,,,,,
dataflow,ESTAT:EF_LSK_POULTRY(1.0),Poultry by NUTS 2 region,A,Annual,TOTAL,Total,TOTAL,Total,TOTAL,Total,A5000,Live poultry,HD,Head (animal),LT,Lithuania,2007,,9442310,,,,,
dataflow,ESTAT:EF_LSK_POULTRY(1.0),Poultry by NUTS 2 region,A,Annual,TOTAL,Total,TOTAL,Total,TOTAL,Total,A5000,Live poultry,HD,Head (animal),LT,Lithuania,2010,,8610050,,,,,
dataflow,ESTAT:EF_LSK_POULTRY(1.0),Poultry by NUTS 2 region,A,Annual,TOTAL,Total,TOTAL,Total,TOTAL,Total,A5000,Live poultry,HD,Head (animal),LT,Lithuania,2013,,9339450,,,,,
dataflow,ESTAT:EF_LSK_POULTRY(1.0),Poultry by NUTS 2 region,A,Annual,TOTAL,Total,TOTAL,Total,TOTAL,Total,A5000,Live poultry,HD,Head (animal),LT,Lithuania,2016,,11246680,,,,,
dataflow,ESTAT:EF_LSK_POULTRY(1.0),Poultry by NUTS 2 region,A,Annual,TOTAL,Total,TOTAL,Total,TOTAL,Total,A5000,Live poultry,HD,Head (animal),LT,Lithuania,2020,,10263940,,,,,
dataflow,ESTAT:EF_LSK_POULTRY(1.0),Poultry by NUTS 2 region,A,Annual,TOTAL,Total,TOTAL,Total,TOTAL,Total,A5000,Live poultry,HD,Head (animal),LU,Luxembourg,2005,,84740,,,,,
dataflow,ESTAT:EF_LSK_POULTRY(1.0),Poultry by NUTS 2 region,A,Annual,TOTAL,Total,TOTAL,Total,TOTAL,Total,A5000,Live poultry,HD,Head (animal),LU,Luxembourg,2007,,82900,,,,,
dataflow,ESTAT:EF_LSK_POULTRY(1.0),Poultry by NUTS 2 region,A,Annual,TOTAL,Total,TOTAL,Total,TOTAL,Total,A5000,Live poultry,HD,Head (animal),LU,Luxembourg,2010,,90320,,,,,
dataflow,ESTAT:EF_LSK_POULTRY(1.0),Poultry by NUTS 2 region,A,Annual,TOTAL,Total,TOTAL,Total,TOTAL,Total,A5000,Live poultry,HD,Head (animal),LU,Luxembourg,2013,,112500,,,,,
dataflow,ESTAT:EF_LSK_POULTRY(1.0),Poultry by NUTS 2 region,A,Annual,TOTAL,Total,TOTAL,Total,TOTAL,Total,A5000,Live poultry,HD,Head (animal),LU,Luxembourg,2016,,115260,,,,,
dataflow,ESTAT:EF_LSK_POULTRY(1.0),Poultry by NUTS 2 region,A,Annual,TOTAL,Total,TOTAL,Total,TOTAL,Total,A5000,Live poultry,HD,Head (animal),LU,Luxembourg,2020,,136900,,,,,
dataflow,ESTAT:EF_LSK_POULTRY(1.0),Poultry by NUTS 2 region,A,Annual,TOTAL,Total,TOTAL,Total,TOTAL,Total,A5000,Live poultry,HD,Head (animal),LU,Luxembourg,2023,,183430,,,,,
dataflow,ESTAT:EF_LSK_POULTRY(1.0),Poultry by NUTS 2 region,A,Annual,TOTAL,Total,TOTAL,Total,TOTAL,Total,A5000,Live poultry,HD,Head (animal),LV,Latvia,2005,,4044050,,,,,
dataflow,ESTAT:EF_LSK_POULTRY(1.0),Poultry by NUTS 2 region,A,Annual,TOTAL,Total,TOTAL,Total,TOTAL,Total,A5000,Live poultry,HD,Head (animal),LV,Latvia,2007,,4634620,,,,,
dataflow,ESTAT:EF_LSK_POULTRY(1.0),Poultry by NUTS 2 region,A,Annual,TOTAL,Total,TOTAL,Total,TOTAL,Total,A5000,Live poultry,HD,Head (animal),LV,Latvia,2010,,5160740,,,,,
dataflow,ESTAT:EF_LSK_POULTRY(1.0),Poultry by NUTS 2 region,A,Annual,TOTAL,Total,TOTAL,Total,TOTAL,Total,A5000,Live poultry,HD,Head (animal),LV,Latvia,2013,,5037590,,,,,
dataflow,ESTAT:EF_LSK_POULTRY(1.0),Poultry by NUTS 2 region,A,Annual,TOTAL,Total,TOTAL,Total,TOTAL,Total,A5000,Live poultry,HD,Head (animal),LV,Latvia,2016,,4649390,,,,,
dataflow,ESTAT:EF_LSK_POULTRY(1.0),Poultry by NUTS 2 region,A,Annual,TOTAL,Total,TOTAL,Total,TOTAL,Total,A5000,Live poultry,HD,Head (animal),LV,Latvia,2020,,5806550,,,,,
dataflow,ESTAT:EF_LSK_POULTRY(1.0),Poultry by NUTS 2 region,A,Annual,TOTAL,Total,TOTAL,Total,TOTAL,Total,A5000,Live poultry,HD,Head (animal),ME,Montenegro,2010,,620800,,,,,
dataflow,ESTAT:EF_LSK_POULTRY(1.0),Poultry by NUTS 2 region,A,Annual,TOTAL,Total,TOTAL,Total,TOTAL,Total,A5000,Live poultry,HD,Head (animal),MK,North Macedonia,2013,,2055840,,,,,
dataflow,ESTAT:EF_LSK_POULTRY(1.0),Poultry by NUTS 2 region,A,Annual,TOTAL,Total,TOTAL,Total,TOTAL,Total,A5000,Live poultry,HD,Head (animal),MT,Malta,2005,,1052010,,,,,
dataflow,ESTAT:EF_LSK_POULTRY(1.0),Poultry by NUTS 2 region,A,Annual,TOTAL,Total,TOTAL,Total,TOTAL,Total,A5000,Live poultry,HD,Head (animal),MT,Malta,2007,,1224270,,,,,
dataflow,ESTAT:EF_LSK_POULTRY(1.0),Poultry by NUTS 2 region,A,Annual,TOTAL,Total,TOTAL,Total,TOTAL,Total,A5000,Live poultry,HD,Head (animal),MT,Malta,2010,,977220,,,,,
dataflow,ESTAT:EF_LSK_POULTRY(1.0),Poultry by NUTS 2 region,A,Annual,TOTAL,Total,TOTAL,Total,TOTAL,Total,A5000,Live poultry,HD,Head (animal),MT,Malta,2013,,914370,,,,,
dataflow,ESTAT:EF_LSK_POULTRY(1.0),Poultry by NUTS 2 region,A,Annual,TOTAL,Total,TOTAL,Total,TOTAL,Total,A5000,Live poultry,HD,Head (animal),MT,Malta,2016,,778560,,,,,
dataflow,ESTAT:EF_LSK_POULTRY(1.0),Poultry by NUTS 2 region,A,Annual,TOTAL,Total,TOTAL,Total,TOTAL,Total,A5000,Live poultry,HD,Head (animal),MT,Malta,2020,,891850,,,,,
dataflow,ESTAT:EF_LSK_POULTRY(1.0),Poultry by NUTS 2 region,A,Annual,TOTAL,Total,TOTAL,Total,TOTAL,Total,A5000,Live poultry,HD,Head (animal),MT,Malta,2023,,789550,,,,,
dataflow,ESTAT:EF_LSK_POULTRY(1.0),Poultry by NUTS 2 region,A,Annual,TOTAL,Total,TOTAL,Total,TOTAL,Total,A5000,Live poultry,HD,Head (animal),NL,Netherlands,2005,,95465080,,,,,
dataflow,ESTAT:EF_LSK_POULTRY(1.0),Poultry by NUTS 2 region,A,Annual,TOTAL,Total,TOTAL,Total,TOTAL,Total,A5000,Live poultry,HD,Head (animal),NL,Netherlands,2007,,95711260,,,,,
dataflow,ESTAT:EF_LSK_POULTRY(1.0),Poultry by NUTS 2 region,A,Annual,TOTAL,Total,TOTAL,Total,TOTAL,Total,A5000,Live poultry,HD,Head (animal),NL,Netherlands,2010,,103621310,,,,,
dataflow,ESTAT:EF_LSK_POULTRY(1.0),Poultry by NUTS 2 region,A,Annual,TOTAL,Total,TOTAL,Total,TOTAL,Total,A5000,Live poultry,HD,Head (animal),NL,Netherlands,2013,,99428000,,,,,
dataflow,ESTAT:EF_LSK_POULTRY(1.0),Poultry by NUTS 2 region,A,Annual,TOTAL,Total,TOTAL,Total,TOTAL,Total,A5000,Live poultry,HD,Head (animal),NL,Netherlands,2016,,107344800,,,,,
dataflow,ESTAT:EF_LSK_POULTRY(1.0),Poultry by NUTS 2 region,A,Annual,TOTAL,Total,TOTAL,Total,TOTAL,Total,A5000,Live poultry,HD,Head (animal),NL,Netherlands,2020,,103300730,,,,,
dataflow,ESTAT:EF_LSK_POULTRY(1.0),Poultry by NUTS 2 region,A,Annual,TOTAL,Total,TOTAL,Total,TOTAL,Total,A5000,Live poultry,HD,Head (animal),NL,Netherlands,2023,,94244750,,,,,
dataflow,ESTAT:EF_LSK_POULTRY(1.0),Poultry by NUTS 2 region,A,Annual,TOTAL,Total,TOTAL,Total,TOTAL,Total,A5000,Live poultry,HD,Head (animal),NO,Norway,2005,,13977430,,,,,
dataflow,ESTAT:EF_LSK_POULTRY(1.0),Poultry by NUTS 2 region,A,Annual,TOTAL,Total,TOTAL,Total,TOTAL,Total,A5000,Live poultry,HD,Head (animal),NO,Norway,2007,,18128410,,,,,
dataflow,ESTAT:EF_LSK_POULTRY(1.0),Poultry by NUTS 2 region,A,Annual,TOTAL,Total,TOTAL,Total,TOTAL,Total,A5000,Live poultry,HD,Head (animal),NO,Norway,2010,,17185170,,,,,
dataflow,ESTAT:EF_LSK_POULTRY(1.0),Poultry by NUTS 2 region,A,Annual,TOTAL,Total,TOTAL,Total,TOTAL,Total,A5000,Live poultry,HD,Head (animal),NO,Norway,2013,,21616880,,,,,
dataflow,ESTAT:EF_LSK_POULTRY(1.0),Poultry by NUTS 2 region,A,Annual,TOTAL,Total,TOTAL,Total,TOTAL,Total,A5000,Live poultry,HD,Head (animal),NO,Norway,2016,,23540820,,,,,
dataflow,ESTAT:EF_LSK_POULTRY(1.0),Poultry by NUTS 2 region,A,Annual,TOTAL,Total,TOTAL,Total,TOTAL,Total,A5000,Live poultry,HD,Head (animal),NO,Norway,2020,,19160650,,,,,
dataflow,ESTAT:EF_LSK_POULTRY(1.0),Poultry by NUTS 2 region,A,Annual,TOTAL,Total,TOTAL,Total,TOTAL,Total,A5000,Live poultry,HD,Head (animal),PL,Poland,2005,,151431820,,,,,
dataflow,ESTAT:EF_LSK_POULTRY(1.0),Poultry by NUTS 2 region,A,Annual,TOTAL,Total,TOTAL,Total,TOTAL,Total,A5000,Live poultry,HD,Head (animal),PL,Poland,2007,,158386040,,,,,
dataflow,ESTAT:EF_LSK_POULTRY(1.0),Poultry by NUTS 2 region,A,Annual,TOTAL,Total,TOTAL,Total,TOTAL,Total,A5000,Live poultry,HD,Head (animal),PL,Poland,2010,,174301060,,,,,
dataflow,ESTAT:EF_LSK_POULTRY(1.0),Poultry by NUTS 2 region,A,Annual,TOTAL,Total,TOTAL,Total,TOTAL,Total,A5000,Live poultry,HD,Head (animal),PL,Poland,2013,,149194720,,,,,
dataflow,ESTAT:EF_LSK_POULTRY(1.0),Poultry by NUTS 2 region,A,Annual,TOTAL,Total,TOTAL,Total,TOTAL,Total,A5000,Live poultry,HD,Head (animal),PL,Poland,2016,,198363770,,,,,
dataflow,ESTAT:EF_LSK_POULTRY(1.0),Poultry by NUTS 2 region,A,Annual,TOTAL,Total,TOTAL,Total,TOTAL,Total,A5000,Live poultry,HD,Head (animal),PL,Poland,2020,,225744690,,,,,
dataflow,ESTAT:EF_LSK_POULTRY(1.0),Poultry by NUTS 2 region,A,Annual,TOTAL,Total,TOTAL,Total,TOTAL,Total,A5000,Live poultry,HD,Head (animal),PT,Portugal,2005,,29234720,,,,,
dataflow,ESTAT:EF_LSK_POULTRY(1.0),Poultry by NUTS 2 region,A,Annual,TOTAL,Total,TOTAL,Total,TOTAL,Total,A5000,Live poultry,HD,Head (animal),PT,Portugal,2007,,27574480,,,,,
dataflow,ESTAT:EF_LSK_POULTRY(1.0),Poultry by NUTS 2 region,A,Annual,TOTAL,Total,TOTAL,Total,TOTAL,Total,A5000,Live poultry,HD,Head (animal),PT,Portugal,2010,,35351550,,,,,
dataflow,ESTAT:EF_LSK_POULTRY(1.0),Poultry by NUTS 2 region,A,Annual,TOTAL,Total,TOTAL,Total,TOTAL,Total,A5000,Live poultry,HD,Head (animal),PT,Portugal,2013,,28614840,,,,,
dataflow,ESTAT:EF_LSK_POULTRY(1.0),Poultry by NUTS 2 region,A,Annual,TOTAL,Total,TOTAL,Total,TOTAL,Total,A5000,Live poultry,HD,Head (animal),PT,Portugal,2016,,36052160,,,,,
dataflow,ESTAT:EF_LSK_POULTRY(1.0),Poultry by NUTS 2 region,A,Annual,TOTAL,Total,TOTAL,Total,TOTAL,Total,A5000,Live poultry,HD,Head (animal),PT,Portugal,2020,,54503180,,,,,
dataflow,ESTAT:EF_LSK_POULTRY(1.0),Poultry by NUTS 2 region,A,Annual,TOTAL,Total,TOTAL,Total,TOTAL,Total,A5000,Live poultry,HD,Head (animal),PT,Portugal,2023,,48118480,,,,,
dataflow,ESTAT:EF_LSK_POULTRY(1.0),Poultry by NUTS 2 region,A,Annual,TOTAL,Total,TOTAL,Total,TOTAL,Total,A5000,Live poultry,HD,Head (animal),RO,Romania,2005,,81701400,,,,,
dataflow,ESTAT:EF_LSK_POULTRY(1.0),Poultry by NUTS 2 region,A,Annual,TOTAL,Total,TOTAL,Total,TOTAL,Total,A5000,Live poultry,HD,Head (animal),RO,Romania,2007,,75858460,,,,,
dataflow,ESTAT:EF_LSK_POULTRY(1.0),Poultry by NUTS 2 region,A,Annual,TOTAL,Total,TOTAL,Total,TOTAL,Total,A5000,Live poultry,HD,Head (animal),RO,Romania,2010,,79190590,,,,,
dataflow,ESTAT:EF_LSK_POULTRY(1.0),Poultry by NUTS 2 region,A,Annual,TOTAL,Total,TOTAL,Total,TOTAL,Total,A5000,Live poultry,HD,Head (animal),RO,Romania,2013,,76301190,,,,,
dataflow,ESTAT:EF_LSK_POULTRY(1.0),Poultry by NUTS 2 region,A,Annual,TOTAL,Total,TOTAL,Total,TOTAL,Total,A5000,Live poultry,HD,Head (animal),RO,Romania,2016,,77195180,,,,,
dataflow,ESTAT:EF_LSK_POULTRY(1.0),Poultry by NUTS 2 region,A,Annual,TOTAL,Total,TOTAL,Total,TOTAL,Total,A5000,Live poultry,HD,Head (animal),RO,Romania,2020,,77353850,,,,,
dataflow,ESTAT:EF_LSK_POULTRY(1.0),Poultry by NUTS 2 region,A,Annual,TOTAL,Total,TOTAL,Total,TOTAL,Total,A5000,Live poultry,HD,Head (animal),RO,Romania,2023,,77505860,,,,,
dataflow,ESTAT:EF_LSK_POULTRY(1.0),Poultry by NUTS 2 region,A,Annual,TOTAL,Total,TOTAL,Total,TOTAL,Total,A5000,Live poultry,HD,Head (animal),RS,Serbia,2010,,26711220,,,,,
dataflow,ESTAT:EF_LSK_POULTRY(1.0),Poultry by NUTS 2 region,A,Annual,TOTAL,Total,TOTAL,Total,TOTAL,Total,A5000,Live poultry,HD,Head (animal),SE,Sweden,2005,,14388360,,,,,
dataflow,ESTAT:EF_LSK_POULTRY(1.0),Poultry by NUTS 2 region,A,Annual,TOTAL,Total,TOTAL,Total,TOTAL,Total,A5000,Live poultry,HD,Head (animal),SE,Sweden,2007,,13834940,,,,,
dataflow,ESTAT:EF_LSK_POULTRY(1.0),Poultry by NUTS 2 region,A,Annual,TOTAL,Total,TOTAL,Total,TOTAL,Total,A5000,Live poultry,HD,Head (animal),SE,Sweden,2010,,14282960,,,,,
dataflow,ESTAT:EF_LSK_POULTRY(1.0),Poultry by NUTS 2 region,A,Annual,TOTAL,Total,TOTAL,Total,TOTAL,Total,A5000,Live poultry,HD,Head (animal),SE,Sweden,2013,,16620230,,,,,
dataflow,ESTAT:EF_LSK_POULTRY(1.0),Poultry by NUTS 2 region,A,Annual,TOTAL,Total,TOTAL,Total,TOTAL,Total,A5000,Live poultry,HD,Head (animal),SE,Sweden,2016,,18784560,,,,,
dataflow,ESTAT:EF_LSK_POULTRY(1.0),Poultry by NUTS 2 region,A,Annual,TOTAL,Total,TOTAL,Total,TOTAL,Total,A5000,Live poultry,HD,Head (animal),SE,Sweden,2020,,25047070,,,,,
dataflow,ESTAT:EF_LSK_POULTRY(1.0),Poultry by NUTS 2 region,A,Annual,TOTAL,Total,TOTAL,Total,TOTAL,Total,A5000,Live poultry,HD,Head (animal),SE,Sweden,2023,,25891980,,,,,
dataflow,ESTAT:EF_LSK_POULTRY(1.0),Poultry by NUTS 2 region,A,Annual,TOTAL,Total,TOTAL,Total,TOTAL,Total,A5000,Live poultry,HD,Head (animal),SI,Slovenia,2005,,3292870,,,,,
dataflow,ESTAT:EF_LSK_POULTRY(1.0),Poultry by NUTS 2 region,A,Annual,TOTAL,Total,TOTAL,Total,TOTAL,Total,A5000,Live poultry,HD,Head (animal),SI,Slovenia,2007,,5364160,,,,,
dataflow,ESTAT:EF_LSK_POULTRY(1.0),Poultry by NUTS 2 region,A,Annual,TOTAL,Total,TOTAL,Total,TOTAL,Total,A5000,Live poultry,HD,Head (animal),SI,Slovenia,2010,,4900990,,,,,
dataflow,ESTAT:EF_LSK_POULTRY(1.0),Poultry by NUTS 2 region,A,Annual,TOTAL,Total,TOTAL,Total,TOTAL,Total,A5000,Live poultry,HD,Head (animal),SI,Slovenia,2013,,4858060,,,,,
dataflow,ESTAT:EF_LSK_POULTRY(1.0),Poultry by NUTS 2 region,A,Annual,TOTAL,Total,TOTAL,Total,TOTAL,Total,A5000,Live poultry,HD,Head (animal),SI,Slovenia,2016,,6222590,,,,,
dataflow,ESTAT:EF_LSK_POULTRY(1.0),Poultry by NUTS 2 region,A,Annual,TOTAL,Total,TOTAL,Total,TOTAL,Total,A5000,Live poultry,HD,Head (animal),SI,Slovenia,2020,,7045760,,,,,
dataflow,ESTAT:EF_LSK_POULTRY(1.0),Poultry by NUTS 2 region,A,Annual,TOTAL,Total,TOTAL,Total,TOTAL,Total,A5000,Live poultry,HD,Head (animal),SK,Slovakia,2005,,11880480,,,,,
dataflow,ESTAT:EF_LSK_POULTRY(1.0),Poultry by NUTS 2 region,A,Annual,TOTAL,Total,TOTAL,Total,TOTAL,Total,A5000,Live poultry,HD,Head (animal),SK,Slovakia,2007,,12475850,,,,,
dataflow,ESTAT:EF_LSK_POULTRY(1.0),Poultry by NUTS 2 region,A,Annual,TOTAL,Total,TOTAL,Total,TOTAL,Total,A5000,Live poultry,HD,Head (animal),SK,Slovakia,2010,,12662970,,,,,
dataflow,ESTAT:EF_LSK_POULTRY(1.0),Poultry by NUTS 2 region,A,Annual,TOTAL,Total,TOTAL,Total,TOTAL,Total,A5000,Live poultry,HD,Head (animal),SK,Slovakia,2013,,11356120,,,,,
dataflow,ESTAT:EF_LSK_POULTRY(1.0),Poultry by NUTS 2 region,A,Annual,TOTAL,Total,TOTAL,Total,TOTAL,Total,A5000,Live poultry,HD,Head (animal),SK,Slovakia,2016,,12057050,,,,,
dataflow,ESTAT:EF_LSK_POULTRY(1.0),Poultry by NUTS 2 region,A,Annual,TOTAL,Total,TOTAL,Total,TOTAL,Total,A5000,Live poultry,HD,Head (animal),SK,Slovakia,2020,,13461170,,,,,
dataflow,ESTAT:EF_LSK_POULTRY(1.0),Poultry by NUTS 2 region,A,Annual,TOTAL,Total,TOTAL,Total,TOTAL,Total,A5000,Live poultry,HD,Head (animal),SK,Slovakia,2023,,10074120,,,,,
dataflow,ESTAT:EF_LSK_POULTRY(1.0),Poultry by NUTS 2 region,A,Annual,TOTAL,Total,TOTAL,Total,TOTAL,Total,A5000,Live poultry,HD,Head (animal),UK,United Kingdom,2005,,173885270,,,,,
dataflow,ESTAT:EF_LSK_POULTRY(1.0),Poultry by NUTS 2 region,A,Annual,TOTAL,Total,TOTAL,Total,TOTAL,Total,A5000,Live poultry,HD,Head (animal),UK,United Kingdom,2007,,167240140,,,,,
dataflow,ESTAT:EF_LSK_POULTRY(1.0),Poultry by NUTS 2 region,A,Annual,TOTAL,Total,TOTAL,Total,TOTAL,Total,A5000,Live poultry,HD,Head (animal),UK,United Kingdom,2010,,162552500,,,,,
dataflow,ESTAT:EF_LSK_POULTRY(1.0),Poultry by NUTS 2 region,A,Annual,TOTAL,Total,TOTAL,Total,TOTAL,Total,A5000,Live poultry,HD,Head (animal),UK,United Kingdom,2013,,155506760,,,,,
dataflow,ESTAT:EF_LSK_POULTRY(1.0),Poultry by NUTS 2 region,A,Annual,TOTAL,Total,TOTAL,Total,TOTAL,Total,A5000,Live poultry,HD,Head (animal),UK,United Kingdom,2016,,164379050,,,,,
